{
    "electrodes": [
        {
            "x": 5.567579092497758,
            "y": 6.939427926646191,
            "z": 46.12307464943668
        }
    ],
    "connectors": [
        {
            "x": 13.209382374240267,
            "y": 17.099900978207828,
            "z": 16.392880656045502
        }
    ],
    "Mapping_func": [
        0
    ]
}